Nr;Artiest;Album;Jaar
1;Frank Sinatra;In the Wee Small Hours;1955
2;Elvis Presley;Elvis Presley;1956
3;The Louvin Brothers;Tragic Songs of Life;1956
4;Louis Prima;Wildest;1956
5;Fats Domino;This is Fats;1956
6;Duke Ellington;Ellington at Newport;1956
7;Frank Sinatra;Songs for Swingin’ Lovers;1956
8;The Crickets;The ‘Chirping’ Crickets;1957
9;Count Basie;Atomic Mr Basie;1957
10;Thelonious Monk;Brilliant Corners;1957
11;Sabu;Palo Congo;1957
12;Miles Davis;Birth of the Cool;1957
13;Machito;Kenya;1957
14;Little Richard;Here’s Little Richard;1957
15;Tito Puente and his Orchestra;Dance Mania, vol. 1;1958
16;Billie Holiday;Lady in Satin;1958
17;Jack Elliott;Jack Takes the Floor;1958
18;Sarah Vaughan;at Mister Kelly’s;1958
19;Ella Fitzgerald;Sings the Gershwin Song Book;1959
20;Ray Charles;The Genius of Ray Charles;1959
21;Miles Davis;Kind of Blue;1959
22;Marty Robbins;Gunfighter Ballads and Trail Songs;1959
23;The Dave Brubeck Quartet;Time Out;1959
24;Joan Baez;Joan Baez;1960
25;Elvis Presley;Elvis is Back!;1960
26;Miriam Makeba;Miriam Makeba;1960
27;Everly Brothers;A Date with the Everly Brothers;1960
28;Jimmy Smith;Back at the Chicken Shack;1960
29;Muddy Waters;At Newport;1960
30;Bill Evans;Sunday at the Village Vanguard;1961
31;Ray Charles;Modern Sounds in Country and Western Music;1962
32;Booker T. & The M.G.s;Green Onions;1962
33;Stan Getz & Charlie Byrd;Jazz Samba;1962
34;Ray Price;Night Life;1962
35;The Beatles;With The Beatles;1963
36;Bob Dylan;The Freewheelin’ Bob Dylan;1963
37;Phil Spector;A Christmas Gift To You;1963
38;Sam Cooke;Live at the Harlem Square Club;1963
39;Charles Mingus;The Black Saint and the Sinner Lady;1963
40;James Brown;Live at the Apollo;1963
41;Stan Getz & João Gilberto;Getz / Gilberto;1963
42;The Beatles;A Hard Day’s Night;1964
43;Brel;Olympia 64;1964
44;Solomon Burke;Rock & Soul;1964
45;Dusty Springfield;A Girl Called Dusty;1964
46;The Rolling Stones;The Rolling Stones;1964
47;Buck Owens and His Buckaroos;I’ve Got a Tiger by the Tail;1965
48;Jerry Lee Lewis;Live at the Star Club, Hamburg;1965
49;The Sonics;Here Are The Sonics;1965
50;Bob Dylan;Bringing It All Back Home;1965
51;Otis Redding;Otis Blue: Otis Redding Sings Soul;1965
52;The Beach Boys;The Beach Boys Today!;1965
53;John Coltrane;A Love Supreme;1965
54;B.B. King;Live At The Regal;1965
55;The Beatles;Rubber Soul;1965
56;Bert Jansch;Bert Jansch;1965
57;The Byrds;Mr Tambourine Man;1965
58;Bob Dylan;Highway 61 Revisited;1965
59;The Who;My Generation;1965
60;Beatles;Revolver;1966
61;Beach Boys;Pet Sounds;1966
62;Fred Neil;Fred Neil;1966
63;The Byrds;Fifth Dimension;1966
64;Bob Dylan;Blonde on Blonde;1966
65;The Monks;Black Monk Time;1966
66;The Kinks;Face to Face;1966
67;The Mama’s and the Papa’s;If You Can Believe Your Eyes and Ears;1966
68;Paul Revere & the Raiders;Midnight Ride;1966
69;Frank Zappa / The Mothers of Invention;Freak Out;1966
70;The Rolling Stones;Aftermath;1966
71;Simon & Garfunkel;Parsley, Sage, Rosemary and Thyme;1966
72;The 13th Floor Elevators;The Psychedelic Sounds of the 13th Floor Elevators;1966
73;John Mayall’s Blues Breakers;Blues Breakers with Eric Clapton;1966
74;The Yardbirds;The Yardbirds (aka Roger the Engineer);1966
75;Nina Simone;Wild is the Wind;1966
76;Astrud Gilberto;Beach Samba;1967
77;Nico;Chelsea Girl;1967
78;Beatles;Sgt Pepper’s Lonely Hearts Club Band;1967
79;Country Joe and the Fish;Electric Music for the Mind and Body;1967
80;Buffalo Springfield;Buffalo Springfield Again;1967
81;Captain Beefheart and His Magic Band;Safe As Milk;1967
82;Moby Grape;Moby Grape;1967
83;Love;Da Capo;1967
84;The Beau Brummels;Triangle;1967
85;The Monkees;Headquarters;1967
86;Tim Buckley;Goodbye and Hello;1967
87;Love;Forever Changes;1967
88;Cream;Disraeli Gears;1967
89;Pink Floyd;The Piper at the Gates of Dawn;1967
90;The Who;The Who Sell Out;1967
91;The Velvet underground;The Velvet underground & Nico;1967
92;Francis Albert Sinatra. & Antonio Carlos Jobim;Francis Albert Sinatra & Antonio Carlos Jobim;1967
93;The Doors;The Doors;1967
94;The Byrds;Younger Than Yesterday;1967
95;Young Rascals;Groovin’;1967
96;Jefferson Airplane;Surrealistic Pillow;1967
97;The Kinks;Something Else by The Kinks;1967
98;Donovan;Sunshine Superman;1967
99;Merle Haggard and the Strangers;I’m a Lonesome Fugitive;1967
100;The Jimi Hendrix Experience;Are You Experienced?;1967
101;The Electric Prunes;I Had Too Much To Dream (Last Night);1967
102;Loretta Lynn;Don’t Come Home a drinkin’ (With Lovin’ on your Mind);1967
103;Shivkumar Sharma / Brijbushan Jabra / Hari Prasad Chaurasia;Call of the Valley;1967
104;Velvet Underground;White Light / White Heat;1967
105;Jimi Hendrix;Axis: Bold As Love;1967
106;Aretha Franklin;I Never Loved a Man the Way I Love You;1967
107;Rolling Stones;Beggars Banquet;1968
108;Traffic;Traffic;1968
109;The Incredible String Band;The Hangman’s Beautiful Daughter;1968
110;The Kinks;The Kinks Are The Village Green Preservation Society;1968
111;Ravi Shankar;The Sounds of India;1968
112;Os Mutantes;Os Mutantes;1968
113;Jimi Hendrix;Electric Ladyland;1968
114;Leonard Cohen;The Songs of Leonard Cohen;1968
115;Johnny Cash;At Folsom Prison;1968
116;Laura Nyro;Eli and the Thirteenth Confession;1968
117;Aretha Franklin;Aretha: Lady Soul;1968
118;Blue Cheer;Vincebus Eruptum;1968
119;The Byrds;The Notorious Byrd Brothers;1968
120;Big Brother and the Holding Company;Cheap Thrills;1968
121;The United States of America;The United States of America;1968
122;Dr. John, The Night Tripper;Gris Gris;1968
123;Iron Butterfly;In-A-Gadda-Da-Vida;1968
124;The Pretty Things;S.F.Sorrow;1968
125;Simon & Garfunkel;Bookends;1968
126;The Small Faces;Ogden’s Nut Gone Flake;1968
127;The Band;Music From Big Pink;1968
128;Jeff Beck;Truth;1968
129;Caetano Veloso;Caetano Veloso;1968
130;Scott Walker;Scott 2;1968
131;The Zombies;Odessey & Oracle;1968
132;Van Morrison;Astral Weeks;1968
133;The Byrds;Sweetheart of the Radio;1968
134;The Beatles;The Beatles (aka White Album);1968
135;Frank Zappa / Mothers of Invention;We’re Only In It For The Money;1968
136;Neil Young (with Crazy Horse);Everybody Knows This Is Nowhere;1968
137;Captain Beefheart And His Magic Band;Trout Mask Replica;1969
138;Creedence Clearwater Revival;Bayou Country;1969
139;Crosby, Stills & Nash;Crosby, Stills & Nash;1969
140;Blood, Sweat & Tears;Blood, Sweat & Tears;1969
141;Flying Burrito Brothers;The Gilded Palace of Sin;1969
142;Johnny Cash;At San Quentin;1969
143;Creedence Clearwater Revival;Green River;1969
144;The Beatles;Abbey Road;1969
145;The Who;Tommy;1969
146;Miles Davis;In a Silent Way;1969
147;The Bee Gees;Odessa;1969
148;Pentangle;Basket Of Light;1969
149;Rolling Stones;Let It Bleed;1969
150;Nick Drake;Five Leaves Left;1969
151;Dusty Springfield;Dusty in Memphis;1969
152;Elvis Presley;From Elvis in Memphis;1969
153;The Velvet Underground;The Velvet Underground;1969
154;Quicksilver Messenger Service;Happy Trails;1969
155;Led Zeppelin;Led Zeppelin;1969
156;The Band;The Band;1969
157;Led Zeppelin;Led Zeppelin II;1969
158;MC5;Kick Out The Jams;1969
159;The Temptations;Cloud Nine;1969
160;Sly And The Family Stone;Stand;1969
161;Tim Buckley;Happy Sad;1969
162;Chicago;Chicago Transit Authority;1969
163;Fairport Convention;Unhalfbricking;1969
164;The Youngbloods;Elephant Mountain;1969
165;Isaac Hayes;Hot Buttered Soul;1969
166;The Grateful Dead;Live / Dead;1968
167;The Kinks;Arthur-Or The Decline And Fall Of The British Empire;1969
168;King Crimson;In The Court of the Crimson King;1969
169;Leonard Cohen;Songs From A Room;1969
170;Fairport Convention;Liege and Lief;1969
171;Scott Walker;Scott 4;1969
172;The Stooges;The Stooges;1969
173;Alexander ‘Skip’ Spence;Oar;1969
174;Frank Zappa;Hot Rats;1969
175;Creedence Clearwater Revival;Cosmo’s Factory;1970
176;Derek and the Dominos;Layla and Other Assorted Love Songs;1970
177;Miles Davis;Bitches Brew;1970
178;Spirit;Twelve Dreams Of Dr. Sardonicus;1970
179;Black Sabbath;Black Sabbath;1970
180;The Doors;Morrison Hotel;1970
181;The Carpenters;Close To You;1970
182;Stephen Stills;Stephen Stills;1970
183;John Lennon;Plastic Ono Band;1970
184;Crosby, Stills, Nash & Young;Deja Vu;1970
185;Black Sabbath;Paranoid;1970
186;Neil Young;After The Goldrush;1970
187;Led Zeppelin;Led Zeppelin III;1970
188;Deep Purple;In Rock;1970
189;Van Morrison;Moondance;1970
190;The Grateful Dead;American Beauty;1970
191;Nick Drake;Bryter Layter;1970
192;Ananda Shankar;Ananda Shankar;1970
193;The Who;Live At Leeds;1970
194;Soft Machine;Third;1970
195;Rod Stewart;Gasoline Alley;1970
196;George Harrison;All Things Must Pass;1970
197;Simon and Garfunkel;Bridge Over Troubled Water;1970
198;Cat Stevens;Tea For The Tillerman;1970
199;Traffic;John Barleycorn Must Die;1970
200;The Stooges;Fun House;1970
201;James Taylor;Sweet Baby James;1970
202;Paul McCartney;McCartney I;1970
203;Santana;Abraxas;1970
204;Syd Barrett;The Madcap Laughs;1970
205;Jethro Tull;Aqualung;1971
206;David Crosby;If I Could Only Remember My Name;1971
207;Sly & The Family Stone;There’s a Riot Goin’ On;1971
208;Marvin Gaye;What’s Going On;1971
209;Yes;The Yes Album;1971
210;Bee Gees;Trafalgar;1971
211;The Who;Who’s Next;1971
212;Carole King;Tapestry;1971
213;Isaac Hayes;Shaft;1971
214;The Allman Brothers Band;At Fillmore East;1971
215;Rolling Stones;Sticky Fingers;1971
216;John Lennon;Imagine;1971
217;Beach Boys;Surf’s Up;1971
218;Yes;Fragile;1971
219;The Doors;L.A. Woman;1971
220;Can;Tago Mago;1971
221;Elton John;Madman Across the Water;1971
222;Dolly Parton;Coat of Many Colors;1971
223;Don McLean;American Pie;1971
224;Emerson, Lake & Palmer;Tarkus;1971
225;Led Zeppelin;Led Zeppelin IV;1971
226;Serge Gainsbourg;Histoire de Melody Nelson;1971
227;Rod Stewart;Every Picture Tells a Story;1971
228;Emerson, Lake & Palmer;Pictures at an Exhibition;1971
229;Leonard Cohen;Songs of Love and Hate;1971
230;Joni Mitchell;Blue;1971
231;Funkadelic;Maggot Brain;1971
232;Janis Joplin;Pearl;1971
233;Fela Ransome-Kuti and the Africa ’70 with Ginger Baker;Live!;1971
234;The Faces;A Nod Is As Good As A Wink… To A Blind Horse;1971
235;The Flamin’ Groovies;Teenage Head;1971
236;Gene Clark;White Light;1971
237;John Prine;John Prine;1971
238;Harry Nilsson;Nilsson Schmilsson;1971
239;T. Rex;Electric Warrior;1971
240;David Bowie;Hunky Dory;1971
241;Randy Newman;Sail Away;1972
242;Deep Purple;Machine Head;1972
243;Big Star;#1 Record;1972
244;Black Sabbath;Vol 4;1972
245;Steely Dan;Can’t Buy A Thrill;1972
246;Neil Young;Harvest;1972
247;Curtis Mayfield;Superfly;1972
248;Slade;Slayed?;1972
249;Deep Purple;Made in Japan;1972
250;Yes;Close to the Edge;1972
251;Lou Reed;Transformer;1972
252;Hugh Masekela;Home is where the Music is;1972
253;Milton Nascimento and Lô Borges;Clube da Esquina;1972
254;Todd Rundgren;Something/Anything?;1972
255;The Nitty Gritty Dirt Band;Will the Circle be Unbroken;1972
256;Stevie Wonder;Talking Book;1972
257;Stephen Stills;Manassas;1972
258;T.Rex;The Slider;1972
259;David Ackles;American Gothic;1972
260;Eagles;Eagles;1972
261;Tim Buckley;Greetings from L.A.;1972
262;Nick Drake;Pink Moon;1972
263;Paul Simon;Paul Simon;1972
264;Roxy Music;Roxy Music;1972
265;Alice Cooper;School’s Out;1972
266;The Temptations;All Directions;1972
267;David Bowie;The Rise and Fall of Ziggy Stardust and the Spiders from Mars;1972
268;War;The World is a Ghetto;1972
269;Al Green;Let’s Stay Together;1972
270;The Rolling Stones;Exile on Main St.;1972
271;Lynyrd Skynyrd;Pronounced ‘Lêh-’nérd ‘Skin-’nérd;1973
272;The Incredible Bongo Band;Bongo Rock;1973
273;David Bowie;Aladdin Sane;1973
274;King Crimson;Larks’ Tongues in Aspic;1973
275;Bob Marley and the Wailers;Catch a Fire;1973
276;Hawkwind;Space Ritual;1973
277;John Cale;Paris 1919;1973
278;Can;Future Days;1973
279;Lou Reed;Berlin;1973
280;Genesis;Selling England by the Pound;1973
281;Marvin Gaye;Let’s Get It On;1973
282;John Martyn;Solid Air;1973
283;Roxy Music;For Your Pleasure;1973
284;Faust;Faust IV;1973
285;Herbie Hancock;Headhunters;1973
286;Mott The Hoople;Mott;1973
287;Mike Oldfield;Tubular Bells;1973
288;Todd Rundgren;A Wizard, A True Star;1973
289;Elton John;Goodbye Yellow Brick Road;1973
290;Steely Dan;Countdown to Ecstasy;1973
291;Waylon Jennings;Honky Tonk Heroes;1973
292;Pink Floyd;Dark Side of the Moon;1973
293;Stevie Wonder;Innervisions;1973
294;ZZ Top;Tres Hombres;1973
295;Paul McCartney & Wings;Band on the Run;1973
296;The Sensational Alex Harvey Band;Next;1973
297;Alice Cooper;Billion Dollar Babies;1973
298;Iggy and the Stooges;Raw Power;1973
299;The Isley Brothers;3 + 3;1973
300;New York Dolls;New York Dolls;1973
301;Brian Eno;Here Come the Warm Jets;1974
302;Bad Company;Bad Company;1974
303;Genesis;The Lamb Lies Down on Broadway;1974
304;Shuggie Otis;Inspiration Information;1974
305;Stevie Wonder;Fullfilingness’ First Finale;1974
306;Eric Clapton;461 Ocean Boulevard;1974
307;Kraftwerk;Autobahn;1974
308;Van Morrison;It’s Too Late To Stop Now;1974
309;Joni Mitchell;Court and Spark;1974
310;Queen;Queen II;1974
311;Roxy Music;Country Life;1974
312;Tangerine Dream;Phaedra;1974
313;Sparks;Kimono My House;1974
314;Supertramp;Crime of the Century;1974
315;Richard & Linda Thompson;I Want To See The Bright Lights Tonight;1974
316;Gil Scott Heron & Brian Jackson;Winter in America;1974
317;Queen;Sheer Heart Attack;1974
318;10CC;Sheet Music;1974
319;Neil Young;On The Beach;1974
320;George Jones;The Grand Tour;1974
321;Gene Clark;No Other;1974
322;Steely Dan;Pretzel Logic;1974
323;Randy Newman;Good Old Boys;1974
324;Bob Marley & The Wailers;Natty Dread;1974
325;Robert Wyatt;Rock Bottom;1974
326;Gram Parsons;Grievous Angel;1974
327;Brian Eno;Another Green World;1975
328;The Dictators;Go Girl Crazy!;1975
329;NEU!;NEU! ’75;1975
330;Led Zeppelin;Physical Graffiti;1975
331;Keith Jarrett;The Köln Concert;1975
332;Aerosmith;Toys in the Attic;1975
333;David Bowie;Young Americans;1975
334;Burning Spear;Marcus Garvey;1975
335;Bruce Springsteen;Born To Run;1975
336;Emmylou Harris;Pieces of the Sky;1975
337;Dion;Born To Be With You;1975
338;Joni Mitchell;The Hissing of Summer Lawns;1975
339;Tom Waits;Nighthawks At The Diner;1975
340;R.D. Burman;Shalimar;1975
341;Neil Young;Tonight’s The Night;1975
342;Bob Dylan;Blood on the Tracks;1975
343;Patti Smith;Horses;1975
344;Pink Floyd;Wish You Were Here;1975
345;Queen;A Night At The Opera;1975
346;Willie Nelson;Red Headed Stranger;1975
347;Earth, Wind & Fire;That’s the Way of the World;1975
348;Curtis Mayfield;There’s No Place Like America Today;1975
349;Tom Petty and the Heartbreakers;Tom Petty and the Heartbreakers;1976
350;The Modern Lovers;The Modern Lovers;1976
351;David Bowie;Station to Station;1976
352;Joni Mitchell;Hejira;1976
353;Boston;Boston;1976
354;The Eagles;Hotel California;1976
355;ABBA;Arrival;1976
356;Kiss;Destroyer;1976
357;Rush;2112;1976
358;Jorge Ben;África Brasil;1976
359;Joan Armatrading;Joan Armatrading;1976
360;Aerosmith;Rocks;1976
361;Parliament;Mothership Connection;1976
362;Penguin Cafe Orchestra;Music from the Penguin Cafe;1976
363;Jean Michel Jarre;Oxygène;1976
364;Ramones;Ramones;1976
365;Fela Kuti and the Afrika ’70;Zombie;1976
366;Peter Tosh;Legalize It;1976
367;Stevie Wonder;Songs in the Key of Life;1976
368;Peter Frampton;Frampton Comes Alive;1976
369;Brian Eno;Before and After Science;1977
370;Kraftwerk;Trans-Europa Express;1977
371;Billy Joel;The Stranger;1977
372;Bob Marley;Exodus;1977
373;Electric Light Orchestra;Out of the Blue;1977
374;Weather Report;Heavy Weather;1977
375;Muddy Waters;Hard Again;1977
376;The Stranglers;Rattus Norvegicus;1977
377;The Clash;The Clash;1977
378;David Bowie;Low;1977
379;Steely Dan;Aja;1977
380;Wire;Pink Flag;1977
381;John Martyn;One World;1977
382;Talking Heads;Talking Heads: 77;1977
383;Fleetwood Mac;Rumours;1977
384;David Bowie;Heroes;1977
385;Dennis Wilson;Pacific Ocean Blue;1977
386;Suicide;Suicide;1977
387;Iggy Pop;The Idiot;1977
388;Peter Gabriel;Peter Gabriel;1977
389;Television;Marquee Moon;1977
390;Meat Loaf;Bat Out of Hell;1977
391;Elvis Costello;My Aim is True;1977
392;Iggy Pop;Lust for Life;1977
393;Ian Dury;New Boots and Panties!!;1977
394;The Sex Pistols;Never Mind The Bollocks, Here’s The Sex Pistols;1977
395;Pere Ubu;The Modern Dance;1978
396;Kraftwerk;The Man-Machine / Die Mensch-Machine;1978
397;Blondie;Parallel Lines;1978
398;Elis Regina;Vento De Maio;1978
399;Pere Ubu;Dub Housing;1978
400;The Only Ones;The Only Ones;1978
401;Elvis Costello and The Attractions;This Year’s Model;1978
402;The Jam;All Mod Cons;1978
403;Joe Ely;Honky Tonk Masquerade;1978
404;The Adverts;Crossing the Red Sea With the Adverts;1978
405;Big Star;Third/Sister Lovers;1978
406;The Residents;Duck Stab / Buster & Glen;1978
407;Public Image LtD;Public Image;1978
408;Magazine;Real Life;1978
409;Bruce Springsteen;Darkness on the Edge of Town;1978
410;Funkadelic;One Nation Under A Groove;1978
411;Throbbing Gristle;D.o.A.: The Third and Final Report of Throbbing Gristle;1978
412;Thin Lizzy;Live and Dangerous;1978
413;Talking Heads;More Songs About Buildings and Food;1978
414;Buzzcocks;Another Music in a Different Kitchen;1978
415;Van Halen;Van Halen;1978
416;Willie Colón and Rubén Blades;Siembra;1978
417;The Cars;The Cars;1978
418;Devo;Q: Are We Not Men? A: We Are Devo!;1978
419;Dire Straits;Dire Straits;1978
420;The Saints;Eternally Yours;1978
421;Marvin Gaye;Here, My Dear;1978
422;Willie Nelson;Stardust;1978
423;Chic;C’est Chic;1978
424;X-Ray Spex;Germ Free Adolescents;1978
425;Brian Eno;Ambient 1: Music For Airports;1978
426;Siouxsie and the Banshees;The Scream;1978
427;AC/DC;Highway to hell;1979
428;Sister Sledge;We Are Family;1978
429;The Crusaders;Street Life;1979
430;The Germs;(GI);1979
431;The B-52’s;The B-52’s;1979
432;Holger Czukay;Movies;1979
433;The Police;Reggatta De Blanc;1979
434;The Fall;Live at the Witch Trails;1979
435;Talking Heads;Fear of Music;1979
436;Joy Division;Unknown Pleasures;1979
437;Chic;Risqué;1979
438;The Undertones;The Undertones;1979
439;The Clash;London Calling;1979
440;Japan;Quiet Life;1979
441;Marianne Faithfull;Broken English;1979
442;The Slits;Cut;1979
443;Elvis Costello and The Attractions;Armed Forces;1979
444;Neil Young;Rust Never Sleeps;1979
445;Gang of Four;Entertainment!;1979
446;Cheap Trick;At Budokan;1979
447;Fleetwood Mac;Tusk;1979
448;Pink Floyd;The Wall;1979
449;Public Image Ltd.;Metal Box;1979
450;Michael Jackson;Off the Wall;1979
451;The Damned;Machine Gun Etiquette;1979
452;Gary Numan;The Pleasure Principle;1979
453;The Specials;Specials;1979
454;Adam and the Ants;Kings Of The Wild Frontier;1980
455;Dexys Midnight Runners;Searching For The Young Soul Rebels;1980
456;AC/DC;Back in Black;1980
457;The Cramps;Songs the Lord Taught Us;1980
458;Dead Kennedys;Fresh Fruit For Rotting Vegetables;1980
459;Peter Gabriel;Peter Gabriel;1980
460;The Soft Boys;Underwater Moonlight;1980
461;The Cure;Seventeen Seconds;1980
462;Echo & the Bunnymen;Crocodiles;1980
463;Motörhead;Ace of Spades;1980
464;Killing Joke;Killing Joke;1980
465;Judas Priest;British Steel;1980
466;Circle Jerks;Group Sex;1980
467;Talking Heads;Remain in Light;1980
468;Joy Division;Closer;1980
469;Iron Maiden;Iron Maiden;1980
470;Undertones;Hypnotised;1980
471;The Jam;Sound Affects;1980
472;Tom Waits;Heartattack & Vine;1980
473;UB40;Signing Off;1980
474;The Teardrop Explodes;Kilimanjaro;1980
475;The Specials;More Specials;1980
476;Steve Winwood;Arc of a Diver;1980
477;Pretenders;Pretenders;1980
478;Einstürzende Neubauten;Kollaps;1981
479;Siouxsie and The Banshees;Juju;1981
480;Heaven 17;Penthouse and Pavement;1981
481;The Go-Go’s;Beauty and the Beat;1981
482;Motörhead;No Sleep ‘Til Hammersmith;1981
483;Soft Cell;Non-Stop Erotic Cabaret;1981
484;Orchestral Manoeuvres In The Dark;Architecture & Morality;1981
485;Brian Eno & David Byrne;My Life in the Bush of Ghosts;1981
486;Black Flag;Damaged;1981
487;X;Wild Gift;1981
488;The Psychedelic Furs;Talk Talk Talk;1981
489;The Human League;Dare;1981
490;The Gun Club;Fire of Love;1981
491;Bauhaus;Mask;1981
492;Bobby Womack;The Poet;1981
493;Tom Tom Club;Tom Tom Club;1981
494;Rush;Moving Pictures;1981
495;ABBA;The Visitors;1981
496;ABC;The Lexicon of Love;1982
497;Prince;1999;1982
498;Grandmaster Flash and the Furious Five;The Message;1982
499;Elvis Costello and The Attractions;Imperial Bedroom;1982
500;The Cure;Pornography;1982
501;Kevin Rowland and Dexys Midnight Runners;Too-Rye-Ay;1982
502;Simple Minds;New Gold Dream (81–82–83–84);1982
503;Madness;The Rise and Fall;1982
504;Donald Fagen;The Nightfly;1982
505;Haircut One Hundred;Pelican West;1982
506;Kate Bush;The Dreaming;1982
507;Orange Juice;Rip It Up;1982
508;Michael Jackson;Thriller;1982
509;The Birthday Party;Junkyard;1982
510;Venom;Black Metal;1982
511;Bruce Springsteen;Nebraska;1982
512;The Associates;Sulk;1982
513;Iron Maiden;Number of the Beast;1982
514;Duran Duran;Rio;1982
515;Violent Femmes;Violent Femmes;1983
516;Malcolm McLaren;Duck Rock;1983
517;Def Leppard;Pyromania;1983
518;R.E.M.;Murmur;1983
519;The The;Soul Mining;1983
520;Tom Waits;Swordfishtrombones;1983
521;The Blue Nile;A Walk Across the Rooftops;1983
522;Hanoi Rocks;Back to Mystery City;1983
523;Cyndi Lauper;She’s So Unusual;1983
524;Paul Simon;Hearts and Bones;1983
525;Echo and The Bunnymen;Porcupine;1983
526;ZZ Top;Eliminator;1983
527;Eurythmics;Sweet Dreams (Are Made of This);1983
528;U2;War;1983
529;The Police;Synchronicity;1983
530;Meat Puppets;Meat Puppets II;1983
531;Culture Club;Colour By Numbers;1983
532;Frankie Goes To Hollywood;Welcome to the Pleasuredome;1984
533;Run DMC;Run DMC;1984
534;Sade;Diamond Life;1984
535;Cocteau Twins;Treasure;1984
536;Minor Threat;Out of Step;1984
537;Van Halen;1984;1984
538;Prince and the Revolution;Purple Rain;1984
539;The Replacements;Let It Be;1984
540;The Style Council;Cafe Blue;1984
541;Tina Turner;Private Dancer;1984
542;Echo and The Bunnymen;Ocean Rain;1984
543;Minutemen;Double Nickels on the Dime;1984
544;Lloyd Cole and the Commotions;Rattlesnakes;1984
545;Youssou N’Dour;Immigrés;1984
546;Bruce Springsteen;Born in the USA;1984
547;The Fall;This Nation’s Saving Grace;1985
548;Abdullah Ibrahim;Water From an Ancient Well;1985
549;A-Ha;Hunting High and Low;1985
550;Tears for Fears;Songs from the Big Chair;1985
551;Dire Straits;Brothers in Arms;1985
552;Prefab Sprout;Steve McQueen;1985
553;Mekons;Fear and Whiskey;1985
554;Big Black;Atomizer;1985
555;Suzanne Vega;Suzanne Vega;1985
556;The Pogues;Rum, Sodomy and the Lash;1985
557;Kate Bush;Hounds of Love;1985
558;The Smiths;Meat is Murder;1985
559;Tom Waits;Rain Dogs;1985
560;The Jesus and Mary Chain;Psychocandy;1985
561;New Order;Low-Life;1985
562;Simply Red;Picture Book;1985
563;Dexy’s Midnight Runners;Don’t Stand Me Down;1985
564;Scritti Politti;Cupid & Psyche 85;1985
565;Elvis Costello and The Attractions;Blood and Chocolate;1986
566;Afrika Bambaataa & Soulsonic Force;Planet Rock: The Album;1986
567;Beastie Boys;Licensed to Ill;1986
568;Metallica;Master of Puppets;1986
569;The The;Infected;1986
570;Nanci Griffith;The Last of the True Believers;1986
571;Billy Bragg;Talking with the Taxman About Poetry;1986
572;Talk Talk;The Colour of Spring;1986
573;Megadeth;Peace Sells… But Who’s Buying?;1986
574;Bon Jovi;Slippery When Wet;1986
575;Sonic Youth;EVOL;1986
576;Slayer;Reign in Blood;1986
577;Throwing Muses;Throwing Muses;1986
578;Paul Simon;Graceland;1986
579;Run DMC;Raising Hell;1986
580;XTC;Skylarking;1986
581;Steve Earle;Guitar Town;1986
582;Bad Brains;I Against I;1986
583;Anita Baker;Rapture;1986
584;The Smiths;The Queen is Dead;1986
585;Peter Gabriel;So;1986
586;Anthrax;Among The Living;1987
587;Dinosaur Jr.;You’re Living All Over Me;1986
588;Dolly Parton, Linda Ronstadt and Emmylou Harris;Trio;1987
589;Def Leppard;Hysteria;1987
590;R.E.M.;Document;1987
591;Prince;Sign O’The Times;1987
592;The Cult;Electric;1987
593;Depeche Mode;Music For The Masses;1987
594;The Sisters of Mercy;Floodland;1987
595;George Michael;Faith;1987
596;Hüsker Dü;Warehouse: Songs and Stories;1987
597;Butthole Surfers;Locust Abortion Technician;1987
598;Astor Piazzolla and Gary Burton;The New Tango;1987
599;The Smiths;Strangeways, Here We Come;1987
600;Guns N’ Roses;Appetite for Destruction;1987
601;Jesus and Mary Chain;Darklands;1987
602;Ladysmith Black Mambazo;Shaka Zulu;1987
603;Laibach;Opus Dei;1987
604;Napalm Death;Scum;1987
605;Sonic Youth;Sister;1987
606;The Triffids;Calenture;1987
607;Michael Jackson;Bad;1987
608;Pet Shop Boys;Actually;1987
609;U2;The Joshua Tree;1987
610;Terence Trent D’Arby;Introducing the Hardline According to Terence Trent D’Arby;1987
611;The Pogues;If I Should Fall From Grace With God;1988
612;Leonard Cohen;I’m Your Man;1988
613;The Waterboys;Fisherman’s Blues;1988
614;Fishbone;Truth and Soul;1988
615;Everything But The Girl;Idlewild;1988
616;Living Colour;Vivid;1988
617;Mudhoney;Superfuzz Bigmuff;1988
618;REM;Green;1988
619;Happy Mondays;Bummed;1988
620;The Go-Betweens;16 Lovers Lane;1988
621;Cowboy Junkies;The Trinity Session;1988
622;Tracy Chapman;Tracy Chapman;1988
623;My Bloody Valentine;Isn’t Anything;1988
624;Pixies;Surfer Rosa;1988
625;Metallica;…And Justice for All;1988
626;Dinosaur Jr.;Bug;1988
627;Dagmar Krause;Tank Battles: The Songs of Hanns Eisler;1988
628;k.d. lang;Shadowland;1988
629;American Music Club;California;1988
630;Morrissey;Viva Hate;1988
631;Sonic Youth;Daydream Nation;1988
632;Sugarcubes;Life’s Too Good;1988
633;Dwight Yoakam;Buenas Noches from a Lonely Room;1988
634;Jane’s Addiction;Nothing’s Shocking;1988
635;Public Enemy;It Takes a Nation of Millions to Hold Us Back;1988
636;Faith No More;The Real Thing;1989
637;Lenny Kravitz;Let Love Rule;1989
638;John Lee Hooker;The Healer;1989
639;New Order;Technique;1989
640;Madonna;Like a Prayer;1989
641;Queen Latifah;All Hail To The Queen;1989
642;Spacemen 3;Playing With Fire;1989
643;fIREHOSE;Fromohio;1989
644;Beastie Boys;Paul’s Boutique;1989
645;The Young Gods;L’Eau Rouge;1989
646;John Zorn;Spy vs Spy: The Music of Ornette Coleman;1989
647;The Stone Roses;The Stone Roses;1989
648;Neneh Cherry;Raw Like Sushi;1989
649;Baaba Maal, Mansour Seck;Djam Leelii;1989
650;Kate Bush;The Sensual World;1989
651;The Cure;Disintegration;1989
652;808 State;90;1989
653;Coldcut;What's That Noise?;1989
654;Barry Adamson;Moss Side Story;1989
655;Aerosmith;Pump;1989
656;Pixies;Doolittle;1989
657;Bonnie Raitt;Nick Of Time;1989
658;Fugazi;Repeater;1990
659;Soul II Soul;Club Classics Vol. One;1989
660;De La Soul;3 Feet High And Rising;1989
661;Janet Jackson;Janet Jackson's Rhythm Nation 1814;1989
662;Jungle Brothers;Done By The Forces Of Nature;1989
663;N.W.A;Straight Outta Compton;1988
664;Cocteau Twins;Heaven Or Las Vegas;1990
665;Shamen;En-Tact;1990
666;Deee-Lite;World Clique;1990
667;The La's;The La's;1990
668;The Black Crowes;Shake Your Money Maker;1990
669;Depeche Mode;Violator;1990
670;Pixies;Bossanova;1990
671;Megadeth;Rust In Peace;1990
672;Digital Underground;Sex Packets;1990
673;Pet Shop Boys;Behaviour;1990
674;Happy Mondays;Pills 'N' Thrills And Bellyaches;1990
675;George Michael;Listen Without Prejudice Vol. 1;1990
676;Neil Young, Crazy Horse;Ragged Glory;1990
677;Ice Cube;AmeriKKKa's Most Wanted;1990
678;Jane's Addiction;Ritual De Lo Habitual;1990
679;L.L. Cool J;Mama Said Knock You Out;1990
680;Public Enemy;Fear Of A Black Planet;1990
681;Sinéad O'Connor;I Do Not Want What I Haven't Got;1990
682;A Tribe Called Quest;People's Instinctive Travels And The Paths Of Rhythm;1990
683;Sonic Youth;Goo;1990
684;Ride;Nowhere;1990
685;My Bloody Valentine;Loveless;1991
686;Nirvana;Nevermind;1991
687;Crowded House;Woodface;1991
688;Cypress Hill;Cypress Hill;1991
689;Julian Cope;Peggy Suicide;1991
690;Gang Starr;Step In The Arena;1991
691;MC Solaar;Qui Sème Le Vent Récolte Le Tempo;1991
692;Jah Wobble's Invaders Of The Heart;Rising Above Bedlam;1991
693;Red Hot Chili Peppers;Blood Sugar Sex Magik;1991
694;Ice-T;O.G. Original Gangster;1991
695;Mudhoney;Every Good Boy Deserves Fudge;1991
696;Public Enemy;Apocalypse 91... The Enemy Strikes Black;1991
697;A Tribe Called Quest;The Low End Theory;1991
698;Pearl Jam;Ten;1991
699;Saint Etienne;Foxbase Alpha;1992
700;Sepultura;Arise;1991
701;Slint;Spiderland;1991
702;U2;Achtung Baby;1991
703;The KLF;The White Room;1991
704;Massive Attack;Blue Lines;1991
705;Primal Scream;Screamadelica;1991
706;Teenage Fanclub;Bandwagonesque;1991
707;Metallica;Metallica;1991
708;Pavement;Slanted And Enchanted;1992
709;Aphex Twin;Selected Ambient Works 85-92;1992
710;Arrested Development;3 Years, 5 Months & 2 Days In The Life Of...;1992
711;Koffi Olomidé;Haut De Gamme Tcha-Tcho "Echelon Ngomba" - Koweït, Rive Gauche;1992
712;Morrissey;Your Arsenal;1992
713;Baaba Maal, Daande Lenõl;Lam Toro;1992
714;Lemonheads;It's A Shame About Ray;1992
715;Rage Against The Machine;Rage Against The Machine;1992
716;The Disposable Heroes Of Hiphoprisy;Hypocrisy Is The Greatest Luxury;1992
717;k.d. lang;Ingénue;1992
718;Dr. Dre;The Chronic;1992
719;R.E.M.;Automatic For The People;1992
720;The Pharcyde;Bizarre Ride II The Pharcyde;1992
721;Spiritualized;Lazer Guided Melodies;1992
722;Sugar;Copper Blue;1992
723;Tom Waits;Bone Machine;1992
724;Sonic Youth;Dirty;1992
725;Stereo MC's;Connected;1992
726;Ministry;Psalm 69: The Way to Succeed and the Way to Suck Eggs;1992
727;Tori Amos;Little Earthquakes;1992
728;Ice Cube;The Predator;1992
729;Pantera;Vulgar Display Of Power;1992
730;Alice In Chains;Dirt;1992
731;Nick Cave & The Bad Seeds;Henry's Dream;1992
732;Nusrat Fateh Ali Khan;Best Of Qawwal And Party Volume One;1992
733;P J Harvey;Dry;1992
734;Suede;Suede;1993
735;Paul Weller;Wild Wood;1993
736;Smashing Pumpkins;Siamese Dream;1993
737;The Auteurs;New Wave;1993
738;Liz Phair;Exile In Guyville;1993
739;The Afghan Whigs;Gentlemen;1993
740;Aimee Mann;Whatever;1993
741;Grant Lee Buffalo;Fuzzy;1993
742;Nirvana;In Utero;1993
743;Jamiroquai;Emergency On Planet Earth;1993
744;Pet Shop Boys;Very;1993
745;P J Harvey;Rid Of Me;1993
746;Blur;Modern Life Is Rubbish;1993
747;Sheryl Crow;Tuesday Night Music Club;1993
748;The Fall;The Infotainment Scan;1993
749;Wu-Tang Clan;Enter The Wu-Tang (36 Chambers);1993
750;Björk;Debut;1993
751;Orbital;Orbital;1991
752;Snoop Doggy Dogg;Doggystyle;1993
753;Sebadoh;Bubble & Scrape;1993
754;The Boo Radleys;Giant Steps;1993
755;William Orbit;Strange Cargo III;1993
756;Method Man;Tical;1994
757;Frank Black;Teenager Of The Year;1994
758;Girls Against Boys;Venus Luxure No.1 Baby;1993
759;Jeru The Damaja;The Sun Rises In The East;1994
760;Pavement;Crooked Rain, Crooked Rain;1994
761;Portishead;Dummy;1994
762;The Sabres Of Paradise;Haunted Dancehall;1994
763;Nas;Illmatic;1994
764;Beastie Boys;Ill Communication;1994
765;Elvis Costello;Brutal Youth;1994
766;Morrissey;Vauxhall And I;1994
767;TLC;CrazySexyCool;1994
768;Oasis;Definitely Maybe;1994
769;Soundgarden;Superunknown;1994
770;Offspring;Smash;1994
771;Drive Like Jehu;Yank Crime;1994
772;Blur;Parklife;1994
773;G. Love And Special Sauce;G. Love And Special Sauce;1994
774;Ali Farka Toure, Ry Cooder;Talking Timbuktu;1994
775;Hole;Live Through This;1994
776;Massive Attack;Protection;1994
777;Manic Street Preachers;The Holy Bible;1994
778;Suede;Dog Man Star;1994
779;The Notorious B.I.G.;Ready To Die;1994
780;Jeff Buckley;Grace;1994
781;Orbital;Snivilisation;1994
782;Nirvana;MTV Unplugged In New York;1994
783;Nine Inch Nails;The Downward Spiral;1994
784;The Prodigy;Music For The Jilted Generation;1994
785;Green Day;Dookie;1994
786;Foo Fighters;Foo Fighters;1995
787;Garbage;Garbage;1995
788;Nightmares On Wax;Smokers Delight;1995
789;Tricky;Maxinquaye;1995
790;Raekwon;Only Built 4 Cuban Linx...;1995
791;The Smashing Pumpkins;Mellon Collie And The Infinite Sadness;1995
792;Rocket From The Crypt;Scream, Dracula, Scream!;1995
793;The Chemical Brothers;Exit Planet Dust;1995
794;2Pac;Me Against The World;1995
795;Elastica;Elastica;1995
796;Supergrass;I Should Coco;1995
797;Radiohead;The Bends;1995
798;Guided By Voices;Alien Lanes;1995
799;Femi Kuti;Femi Kuti;1995
800;The Verve;A Northern Soul;1995
801;Genius, GZA;Liquid Swords;1995
802;Pulp;Different Class;1995
803;Leftfield;Leftism;1995
804;D'Angelo;Brown Sugar;1995
805;Oasis;(What's The Story) Morning Glory?;1995
806;Goldie;Timeless;1995
807;Alanis Morissette;Jagged Little Pill;1995
808;Screaming Trees;Dust;1996
809;Super Furry Animals;Fuzzy Logic;1996
810;Fatboy Slim;Better Living Through Chemistry;1996
811;Dr. Octagon;Dr. Octagon;1996
812;Stereolab;Emperor Tomato Ketchup;1996
813;Tortoise;Millions Now Living Will Never Die;1996
814;Beck;Odelay;1996
815;Belle And Sebastian;Tigermilk;1996
816;DJ Shadow;Endtroducing.....;1996
817;Eels;Beautiful Freak;1996
818;The Divine Comedy;Casanova;1996
819;Fiona Apple;Tidal;1996
820;Wilco;Being There;1996
821;Sepultura;Roots;1996
822;Barry Adamson;Oedipus Schmoedipus;1996
823;Fun Lovin' Criminals;Come Find Yourself;1996
824;Maxwell;Maxwell's Urban Hang Suite;1996
825;The Charlatans;Tellin' Stories;1997
826;Manic Street Preachers;Everything Must Go;1996
827;Everything But The Girl;Walking Wounded;1996
828;Nick Cave And The Bad Seeds;Murder Ballads;1996
829;L.T.J Bukem;Logical Progression;1996
830;Underworld;Second Toughest In The Infants;1996
831;The Jon Spencer Blues Explosion;Now I Got Worry;1996
832;The Cardigans;First Band On The Moon;1996
833;Marilyn Manson;Antichrist Superstar;1996
834;Fugees;The Score;1996
835;Ash;1977;1996
836;Belle And Sebastian;If You're Feeling Sinister;1998
837;Blur;Blur;1997
838;Radiohead;OK Computer;1997
839;Finley Quaye;Maverick A Strike;1997
840;Missy "Misdemeanor" Elliott;Supa Dupa Fly;1997
841;The Chemical Brothers;Dig Your Own Hole;1997
842;Primal Scream;Vanishing Point;1997
843;Robert Wyatt;Shleep;1997
844;David Holmes;Lets Get Killed;1997
845;Sleater-Kinney;Dig Me Out;1997
846;Prodigy;The Fat Of The Land;1997
847;Buena Vista Social Club;Buena Vista Social Club;1997
848;Nick Cave & The Bad Seeds;The Boatman's Call;1997
849;The Divine Comedy;A Short Album About Love;1997
850;Cornershop;When I Was Born For The 7th Time;1997
851;Daft Punk;Homework;1997
852;Robbie Williams;Life Thru A Lens;1997
853;Mariah Carey;Butterfly;1997
854;Supergrass;In It For The Money;1997
855;Bob Dylan;Time Out Of Mind;1997
856;Roni Size / Reprazent;New Forms;1997
857;Elliott Smith;Either / Or;1997
858;The Verve;Urban Hymns;1997
859;Spiritualized;Ladies And Gentlemen We Are Floating In Space;1997
860;System Of A Down;System Of A Down;1998
861;Bob Dylan;Live 1966 (The "Royal Albert Hall" Concert);1998
862;Manu Chao;Clandestino;1998
863;Billy Bragg, Wilco;Mermaid Avenue;1998
864;Turbonegro;Apocalypse Dudes;1998
865;Fatboy Slim;You've Come A Long Way, Baby;1998
866;David Gray;White Ladder;1998
867;Lucinda Williams;Car Wheels On A Gravel Road;1998
868;Pulp;This Is Hardcore;1998
869;Madonna;Ray Of Light;1998
870;Lauryn Hill;The Miseducation Of Lauryn Hill;1998
871;Hole;Celebrity Skin;1998
872;Mercury Rev;Deserter's Songs;1998
873;Queens Of The Stone Age;Queens Of The Stone Age;1998
874;AIR;Moon Safari;1998
875;Talvin Singh;OK;1998
876;Korn;Follow The Leader;1998
877;Kid Rock;Devil Without A Cause;1998
878;Boards Of Canada;Music Has The Right To Children;1998
879;Suba;São Paulo Confessions;1995
880;Khaled;Kenza;1999
881;XTC;Apple Venus Volume 1;1999
882;Incubus;Make Yourself;1999
883;The Magnetic Fields;69 Love Songs;1999
884;Travis;The Man Who;1999
885;Slipknot;Slipknot;1999
886;Beth Orton;Central Reservation;1999
887;Nitin Sawhney;Beyond Skin;1999
888;Death In Vegas;The Contino Sessions;1999
889;Moby;Play;1999
890;The Flaming Lips;The Soft Bulletin;1999
891;Les Rythmes Digitales;Darkdancer;1999
892;Le Tigre;Le Tigre;1999
893;Eminem;The Slim Shady LP;1999
894;Metallica, Michael Kamen, The San Francisco Symphony Orchestra;S&M;1999
895;Bonnie 'Prince' Billy;I See A Darkness;1999
896;Shack;H.M.S. Fable;1999
897;Basement Jaxx;Remedy;1999
898;Red Hot Chili Peppers;Californication;1999
899;Sigur Rós;Ágætis Byrjun;1999
900;Doves;Lost Souls;2000
901;AIR;Original Motion Picture Score For The Virgin Suicides;2000
902;Ryan Adams;Heartbreaker;2000
903;Bebel Gilberto;Tanto Tempo;2000
904;Eminem;The Marshall Mathers LP;2000
905;Emmylou Harris;Red Dirt Girl;2000
906;Radiohead;Kid A;2000
907;U2;All That You Can't Leave Behind;2000
908;Coldplay;Parachutes;2000
909;Elliott Smith;Figure 8;2000
910;Erykah Badu;Mama's Gun;2000
911;P J Harvey;Stories From The City, Stories From The Sea;2000
912;Lambchop;Nixon;2000
913;Mike Ladd;Welcome To The Afterfuture;2000
914;Goldfrapp;Felt Mountain;2000
915;Ute Lemper;Punishing Kiss;2000
916;The Avalanches;Since I Left You;2000
917;OutKast;Stankonia;2000
918;Common;Like Water For Chocolate;2000
919;Silver Jews;Bright Flight;2001
920;Björk;Vespertine;2001
921;Ryan Adams;Gold;2001
922;The Strokes;Is This It;2001
923;Gillian Welch;Time (The Revelator);2001
924;Gotan Project;La Revancha Del Tango;2001
925;The White Stripes;White Blood Cells;2001
926;Jay-Z;The Blueprint;2001
927;Röyksopp;Melody A.M.;2001
928;Drive-By Truckers;Southern Rock Opera;2001
929;Super Furry Animals;Rings Around The World;2001
930;Jurassic 5;Power In Numbers;2002
931;Wilco;Yankee Hotel Foxtrot;2003
932;Coldplay;A Rush Of Blood To The Head;2002
933;Bruce Springsteen;The Rising;2002
934;The Flaming Lips;Yoshimi Battles The Pink Robots;2002
935;Beck;Sea Change;2002
936;The Roots;Phrenology;2002
937;Missy Elliott;Under Construction;2002
938;OutKast;Speakerboxxx / The Love Below;2003
939;Dizzee Rascal;Boy In Da Corner;2003
940;The Mars Volta;De-Loused In The Comatorium;2003
941;The White Stripes;Elephant;2003
942;Yeah Yeah Yeahs;Fever To Tell;2003
943;Devendra Banhart;Rejoicing In The Hands;2004
944;Nick Cave & The Bad Seeds;Abattoir Blues / The Lyre Of Orpheus;2004
945;Cee-Lo Green;Cee-Lo Green... Is The Soul Machine;2004
946;Mylo;Destroy Rock & Roll;2004
947;Rufus Wainwright;Want Two;2004
948;The Streets;A Grand Don't Come For Free;2004
949;Arcade Fire;Funeral;2004
950;Green Day;American Idiot;2004
951;Common;Be;2005
952;Richard Hawley;Coles Corner;2005
953;Sufjan Stevens;Illinois;2005
954;Lupe Fiasco;Lupe Fiasco's Food & Liquor;2006
955;Ali Farka Toure;Savane;2006
956;Amy Winehouse;Back To Black;2006
957;Joanna Newsom;Ys;2006
958;Arctic Monkeys;Whatever People Say I Am, That's What I'm Not;2006
959;LCD Soundsystem;Sound Of Silver;2007
960;Radiohead;In Rainbows;2007
961;M.I.A.;Kala;2007
962;Justice;†;2007
963;Q-Tip;The Renaissance;2008
964;Fleet Foxes;Fleet Foxes;2008
965;Elbow;The Seldom Seen Kid;2008
966;Portishead;Third;2008
967;TV On The Radio;Dear Science;2008
968;Wild Beasts;Two Dancers;2009
969;Animal Collective;Merriweather Post Pavilion;2009
970;Yeah Yeah Yeahs;It's Blitz!;2009
971;The XX;xx;2009
972;Beach House;Teen Dream;2010
973;The Black Keys;Brothers;2012
974;Kanye West;My Beautiful Dark Twisted Fantasy;2010
975;John Grant;Queen Of Denmark;2010
976;Janelle Monáe;The ArchAndroid;2010
977;Deerhunter;Halcyon Digest;2010
978;PJ Harvey;Let England Shake;2011
979;White Denim;D;2011
980;Django Django;Django Django;2012
981;Hot Chip;In Our Heads;2012
982;Frank Ocean;Channel Orange;2012
983;Jack White;Blunderbuss;2012
984;Kanye West;Yeezus;2013
985;Beyoncé;Beyoncé;2013
986;Chvrches;The Bones Of What You Believe;2013
987;Taylor Swift;1989;2014
988;FKA Twigs;LP1;2014
989;Björk;Vulnicura;2015
990;Kendrick Lamar;To Pimp A Butterfly;2015
991;Leonard Cohen;You Want It Darker;2016
992;David Bowie;★ (Blackstar);2016
993;Skepta;Konnichiwa;2016
994;Solange;A Seat At The Table;2016
995;Jane Weaver;Modern Kosmology;2017
996;LCD Soundsystem;American Dream;2017
997;Lorde;Melodrama;2017
998;Thundercat;Drunk;2017
999;Kelela;Take Me Apart;2017
1000;SZA;Ctrl;2017
1001;Hookworms;Microshift;2018
